{"cameraMode":{"drawMode":0,"name":"Shaded","section":"Shading Mode"},"sceneLighting":true,"audioPlay":false,"sceneViewState":{"showFog":true,"showMaterialUpdate":false,"showSkybox":true,"showFlares":true,"showImageEffects":true,"showParticleSystems":true},"in2DMode":false,"pivot":{"x":11.507583618164063,"y":7.783956527709961,"z":14.21501350402832},"rotation":{"x":0.16275040805339814,"y":-0.2821771204471588,"z":-0.04863820970058441,"w":-0.9442048072814941},"size":10.0,"orthographic":false}